o,d,count,time
新浪财经,五福春秋2017,1,04-21 14:52
新浪财经,博燕8589,1,04-18 20:07
行政法魏建新,A山不来就我,1,04-14 12:05
新浪财经,行政法魏建新,1,04-14 12:05
行政法魏建新,我的男票是智障啊,1,04-10 11:18
新浪财经,行政法魏建新,1,04-10 11:18
新浪财经,今日雄安在线,1,04-07 13:29
新浪财经,古月国木东,1,04-04 17:23
新浪财经,小小懒同学,1,04-04 13:15
新浪财经,易家观点,1,04-03 22:48
新浪财经,关中人823228103,1,04-03 16:20
新浪财经,霞飞化羽,1,04-02 23:22
行政法魏建新,lawyer轶事53719,1,04-02 15:45
新浪财经,行政法魏建新,1,04-02 15:45
新浪财经,苏夏哲不是放马的,1,04-02 14:21
雄安新区新闻资讯,我怎么老是饿饿饿-,1,04-02 13:29
新浪财经,雄安新区新闻资讯,1,04-02 13:29
新浪财经,湮没在时光里,1,04-02 13:29
新浪财经,家居生活乐滋滋,1,04-02 10:46
新浪财经,莫卿,1,04-02 09:59
新浪财经,小浪开心放松,1,04-02 09:25
新浪财经,复兴会,1,04-02 09:21
新浪财经,小二黑CAT,1,04-02 09:06
新浪财经,王建平丶漂流,1,04-02 09:03
新浪财经,我想我可能是海,1,04-02 08:28
新浪财经,Tadpole7382682,1,04-02 07:39
新浪财经,马三豹,1,04-02 07:25
新浪财经,爱夜华520,1,04-02 07:08
新浪财经,bami瑞雪,1,04-02 07:07
新浪财经,一颗_子弹,1,04-02 06:29
新浪财经,哈罗耶,1,04-02 06:16
新浪财经,狮子山上海棠红,1,04-02 05:08
新浪财经,景千桅,1,04-02 02:42
新浪财经,张泽天,1,04-02 00:58
新浪财经,Kahnbanana,1,04-02 00:39
新浪财经,泡泡cosa,1,04-02 00:17
新浪财经,股海漂流,1,04-02 00:06
新浪财经,我想要龙,1,04-02 00:02
新浪财经,旅鸿1976,1,04-01 23:58
新浪财经,香瓜987,1,04-01 23:37
新浪财经,crazyghagha,1,04-01 23:33
新浪财经,致远不是文艺青年,1,04-01 23:18
雄安新区新闻,忘年之n年地大笑,1,04-01 23:16
新浪财经,雄安新区新闻,1,04-01 23:16
新浪财经,天天有盼头,1,04-01 23:09
新浪财经,娱乐家,1,04-01 22:55
新浪财经,刘逸龙,1,04-01 22:44
新浪财经,angel爱敬腾,1,04-01 22:35
新浪财经,四度寒水,1,04-01 22:32
新浪财经,作作作歌唱,1,04-01 22:31
你的暴雨妹妹,你的暴雨妹妹,1,04-01 22:30
新浪财经,你的暴雨妹妹,1,04-01 22:30
你的暴雨妹妹,你的暴雨妹妹,1,04-01 22:30
新浪财经,你的暴雨妹妹,1,04-01 22:30
FG988,吉利利吉耶,1,04-01 22:27
九州圣其,FG988,1,04-01 22:27
新浪财经,九州圣其,1,04-01 22:27
新浪财经,麦田守望者-ing,1,04-01 22:16
新浪财经,听下雪的声音201507,1,04-01 21:46
新浪财经,寻找无以伦比的美丽,1,04-01 21:45
新浪财经,大角牛201409,1,04-01 21:45
新浪财经,Batterme_HYL,1,04-01 21:42
新浪财经,梧桐哥歌,1,04-01 21:25
大明湖畔容,艾露恩之光,1,04-01 21:24
新浪财经,大明湖畔容,1,04-01 21:24
新浪财经,平民逛微博,1,04-01 20:38
新浪财经,Xumal,1,04-01 20:38
新浪财经,非会员注册用户,1,04-01 20:33
新浪财经,李亚浩lee,1,04-01 20:29
飞行员-贝塔,看彩霞满天的风铃草,1,04-01 20:21
看彩霞满天的风铃草,飞行员-贝塔,1,04-01 20:21
飞行员-贝塔,看彩霞满天的风铃草,1,04-01 20:21
看彩霞满天的风铃草,飞行员-贝塔,1,04-01 20:21
新浪财经,看彩霞满天的风铃草,1,04-01 20:21
新浪财经,七七起个名字怎么这么难,1,04-01 20:20
新浪财经,大明湖畔容,1,04-01 20:20
新浪财经,坏Loser_木子,1,04-01 20:14
新浪财经,雄安新区新事儿,1,04-01 20:12
看彩霞满天的风铃草,飞行员-贝塔,1,04-01 20:08
飞行员-贝塔,看彩霞满天的风铃草,1,04-01 20:08
看彩霞满天的风铃草,飞行员-贝塔,1,04-01 20:08
新浪财经,看彩霞满天的风铃草,1,04-01 20:08
新浪财经,荼靡花开_zb,1,04-01 20:06
新浪财经,交子务,1,04-01 20:03
新浪财经,G志瑶,1,04-01 19:59
新浪财经,兰生幽谷125,1,04-01 19:58
新浪财经,粉色的糖,1,04-01 19:58
新浪财经,JIYEON2____YUMMY,1,04-01 19:57
新浪财经,萃取12,1,04-01 19:56
新浪财经,并汇宝,1,04-01 19:51
新浪财经,五阿哥永琪,1,04-01 19:44
新浪财经,刘刘飞飞重名多,1,04-01 19:42
新浪财经,ASM_奔奔,1,04-01 19:41
新浪财经,百磕儿全书,1,04-01 19:41
新浪财经,非去无天,1,04-01 19:39
新浪财经,清莲老道,1,04-01 19:37
新浪财经,行政法魏建新,1,04-01 19:37
新浪财经,呃呃呃呵呵呵555,1,04-01 19:36
九州圣其,FG988,1,04-01 19:35
新浪财经,九州圣其,1,04-01 19:35
新浪财经,刚哥是个好男人,1,04-01 19:34
新浪财经,楼曰,1,04-01 19:33
股票作手青尘,股票作手青尘,1,04-01 19:32
新浪财经,股票作手青尘,1,04-01 19:32
新浪财经,粒粒皆辛苦_Lily,1,04-01 19:30
新浪财经,1Q783,1,04-01 19:30
新浪财经,saysomething兮cs,1,04-01 19:30
老李的纯粹理性现实批判,ZM坤,1,04-01 19:28
新浪财经,老李的纯粹理性现实批判,1,04-01 19:28
新浪财经,股票作手青尘,1,04-01 19:28
新浪财经,夜色U,1,04-01 19:27
新浪财经,梦萦江南V,1,04-01 19:27
新浪财经,Saint12345,1,04-01 19:26
新浪财经,雄安新区新闻资讯,1,04-01 19:25
新浪财经,泥人璋,1,04-01 19:24
新浪财经,diego迪亚哥,1,04-01 19:24
新浪财经,Ti-Lock,1,04-01 19:23
新浪财经,冷眼看风起云涌,1,04-01 19:23
新浪财经,fly_流动的财富,1,04-01 19:22
新浪财经,巴塞罗那简789,1,04-01 19:22
新浪财经,雄安新区新闻,1,04-01 19:21
新浪财经,东至寒,1,04-01 19:21
新浪财经,农民老让,1,04-01 19:20
老李的纯粹理性现实批判,九州圣其,1,04-01 19:20
新浪财经,老李的纯粹理性现实批判,1,04-01 19:20
那一条狗,九州圣其,1,04-01 19:19
新浪财经,那一条狗,1,04-01 19:19
新浪财经,麻辣评点,1,04-01 19:19
新浪财经,九月的葵花,1,04-01 19:19
新浪财经,李志安Q1947263215,1,04-01 19:19
看彩霞满天的风铃草,飞行员-贝塔,1,04-01 19:18
新浪财经,看彩霞满天的风铃草,1,04-01 19:18
新浪财经,老李的纯粹理性现实批判,1,04-01 19:17
新浪财经,老猫20120226,1,04-01 19:16
新浪财经,嘉明_Jason,1,04-01 19:16
新浪财经,彪哥狠靠谱o_O,1,04-01 19:15
新浪财经,二希sun,1,04-01 19:14
新浪财经,东方亮不起,1,04-01 19:14
新浪财经,魏小强爱小样,1,04-01 19:14
新浪财经,聪聪聪聪w,1,04-01 19:14
新浪财经,摄影人刘会臣,1,04-01 19:14
新浪财经,商梓萱_MeU,1,04-01 19:13
新浪财经,阿亮的乐园,1,04-01 19:11
新浪财经,飞行员-贝塔,1,04-01 19:10
